{
  "builder_name": "parquet",
  "citation": "",
  "config_name": "default",
  "dataset_name": "c4-code-20k",
  "dataset_size": 101351288,
  "description": "",
  "download_checksums": {
    "hf://datasets/NeelNanda/c4-code-20k@82e9178fdd9e1f7ac93f81234aeedceec49bc8b4/data/train-00000-of-00001-97684e149eb4d60d.parquet": {
      "num_bytes": 42778874,
      "checksum": null
    }
  },
  "download_size": 42778874,
  "features": {
    "tokens": {
      "feature": {
        "dtype": "int64",
        "_type": "Value"
      },
      "_type": "Sequence"
    },
    "matched_tokens": [
      {
        "phrase": {
          "dtype": "string",
          "_type": "Value"
        },
        "pointers": {
          "feature": {
            "feature": {
              "dtype": "int64",
              "_type": "Value"
            },
            "_type": "Sequence"
          },
          "_type": "Sequence"
        }
      }
    ]
  },
  "homepage": "",
  "license": "",
  "size_in_bytes": 144130162,
  "splits": {
    "train": {
      "name": "train",
      "num_bytes": 101351288,
      "num_examples": 20000,
      "dataset_name": "c4-code-20k"
    }
  },
  "version": {
    "version_str": "0.0.0",
    "major": 0,
    "minor": 0,
    "patch": 0
  }
}